<?xml version="1.0" encoding="UTF-8"?>
<beans xmlns="http://www.springframework.org/schema/beans"
	xmlns:xsi="http://www.w3.org/2001/XMLSchema-instance"
	xmlns:aop="http://www.springframework.org/schema/aop"
	xmlns:p="http://www.springframework.org/schema/p"
	xmlns:context="http://www.springframework.org/schema/context"
	xsi:schemaLocation="http://www.springframework.org/schema/beans 
		https://www.springframework.org/schema/beans/spring-beans.xsd
		http://www.springframework.org/schema/context 
		http://www.springframework.org/schema/context/spring-context-4.2.xsd
		http://www.springframework.org/schema/aop 
		http://www.springframework.org/schema/aop/spring-aop-4.2.xsd">
	
	<context:component-scan base-package="org.comstudy21.myweb"></context:component-scan>
	
	<bean id="log" class="org.comstudy21.myweb.common.LogAdvice"></bean>
	
	<aop:config>
		<aop:pointcut expression="execution(* org.comstudy21.myweb.service..*.*(..))" id="allPointcut"/>
		<aop:aspect ref="log">
			<aop:before method="printLogging" pointcut-ref="allPointcut"/>
		</aop:aspect>
	</aop:config>
</beans>
